{"cameraMode":{"drawMode":0,"name":"Shaded","section":"Shading Mode"},"sceneLighting":true,"audioPlay":false,"sceneViewState":{"showFog":true,"showMaterialUpdate":false,"showSkybox":true,"showFlares":true,"showImageEffects":true,"showParticleSystems":true},"in2DMode":false,"pivot":{"x":106.74419403076172,"y":16.910852432250978,"z":-3.125617027282715},"rotation":{"x":0.06089070439338684,"y":-0.530938982963562,"z":0.038334306329488757,"w":0.8444442749023438},"size":7.8954315185546879,"orthographic":false}